No.,Title,Category,Price (£),Rating,Availability
1,It's Only the Himalayas,Travel,45.17,2,In stock
2,Full Moon over Noah’s Ark: An Odyssey to Mount Ararat and Beyond,Travel,49.43,4,In stock
3,See America: A Celebration of Our National Parks & Treasured Sites,Travel,48.87,3,In stock
4,Vagabonding: An Uncommon Guide to the Art of Long-Term World Travel,Travel,36.94,2,In stock
5,Under the Tuscan Sun,Travel,37.33,3,In stock
6,A Summer In Europe,Travel,44.34,2,In stock
7,The Great Railway Bazaar,Travel,30.54,1,In stock
8,A Year in Provence (Provence #1),Travel,56.88,4,In stock
9,The Road to Little Dribbling: Adventures of an American in Britain (Notes From a Small Island #2),Travel,23.21,1,In stock
10,Neither Here nor There: Travels in Europe,Travel,38.95,3,In stock
11,"1,000 Places to See Before You Die",Travel,26.08,5,In stock
12,Sharp Objects,Mystery,47.82,4,In stock
13,"In a Dark, Dark Wood",Mystery,19.63,1,In stock
14,The Past Never Ends,Mystery,56.5,4,In stock
15,A Murder in Time,Mystery,16.64,1,In stock
16,The Murder of Roger Ackroyd (Hercule Poirot #4),Mystery,44.1,4,In stock
17,The Last Mile (Amos Decker #2),Mystery,54.21,2,In stock
18,That Darkness (Gardiner and Renner #1),Mystery,13.92,1,In stock
19,Tastes Like Fear (DI Marnie Rome #3),Mystery,10.69,1,In stock
20,A Time of Torment (Charlie Parker #14),Mystery,48.35,5,In stock
21,A Study in Scarlet (Sherlock Holmes #1),Mystery,16.73,2,In stock
22,Poisonous (Max Revere Novels #3),Mystery,26.8,3,In stock
23,Murder at the 42nd Street Library (Raymond Ambler #1),Mystery,54.36,4,In stock
24,Most Wanted,Mystery,35.28,3,In stock
25,Hide Away (Eve Duncan #20),Mystery,11.84,1,In stock
26,Boar Island (Anna Pigeon #19),Mystery,59.48,3,In stock
27,The Widow,Mystery,27.26,2,In stock
28,Playing with Fire,Mystery,13.71,3,In stock
29,What Happened on Beale Street (Secrets of the South Mysteries #2),Mystery,25.37,5,In stock
30,The Bachelor Girl's Guide to Murder (Herringford and Watts Mysteries #1),Mystery,52.3,5,In stock
31,Delivering the Truth (Quaker Midwife Mystery #1),Mystery,20.89,4,In stock
32,The Mysterious Affair at Styles (Hercule Poirot #1),Mystery,24.8,4,In stock
33,In the Woods (Dublin Murder Squad #1),Mystery,38.38,2,In stock
34,The Silkworm (Cormoran Strike #2),Mystery,23.05,5,In stock
35,The Exiled,Mystery,43.45,3,In stock
36,The Cuckoo's Calling (Cormoran Strike #1),Mystery,19.21,1,In stock
37,Extreme Prey (Lucas Davenport #26),Mystery,25.4,3,In stock
38,Career of Evil (Cormoran Strike #3),Mystery,24.72,2,In stock
39,The No. 1 Ladies' Detective Agency (No. 1 Ladies' Detective Agency #1),Mystery,57.7,4,In stock
40,The Girl You Lost,Mystery,12.29,5,In stock
41,The Girl In The Ice (DCI Erika Foster #1),Mystery,15.85,3,In stock
42,Blood Defense (Samantha Brinkman #1),Mystery,20.3,3,In stock
43,1st to Die (Women's Murder Club #1),Mystery,53.98,1,In stock
44,Tipping the Velvet,Historical Fiction,53.74,1,In stock
45,Forever and Forever: The Courtship of Henry Longfellow and Fanny Appleton,Historical Fiction,29.69,3,In stock
46,A Flight of Arrows (The Pathfinders #2),Historical Fiction,55.53,5,In stock
47,The House by the Lake,Historical Fiction,36.95,1,In stock
48,Mrs. Houdini,Historical Fiction,30.25,5,In stock
49,The Marriage of Opposites,Historical Fiction,28.08,4,In stock
50,Glory over Everything: Beyond The Kitchen House,Historical Fiction,45.84,3,In stock
51,"Love, Lies and Spies",Historical Fiction,20.55,2,In stock
52,A Paris Apartment,Historical Fiction,39.01,4,In stock
53,Lilac Girls,Historical Fiction,17.28,2,In stock
54,The Constant Princess (The Tudor Court #1),Historical Fiction,16.62,3,In stock
55,The Invention of Wings,Historical Fiction,37.34,1,In stock
56,World Without End (The Pillars of the Earth #2),Historical Fiction,32.97,4,In stock
57,The Passion of Dolssa,Historical Fiction,28.32,5,In stock
58,Girl With a Pearl Earring,Historical Fiction,26.77,1,In stock
59,Voyager (Outlander #3),Historical Fiction,21.07,5,In stock
60,The Red Tent,Historical Fiction,35.66,5,In stock
61,The Last Painting of Sara de Vos,Historical Fiction,55.55,2,In stock
62,The Guernsey Literary and Potato Peel Pie Society,Historical Fiction,49.53,1,In stock
63,Girl in the Blue Coat,Historical Fiction,46.83,2,In stock
64,Between Shades of Gray,Historical Fiction,20.79,5,In stock
65,While You Were Mine,Historical Fiction,41.32,5,In stock
66,The Secret Healer,Historical Fiction,34.56,3,In stock
67,Starlark,Historical Fiction,25.83,3,In stock
68,Lost Among the Living,Historical Fiction,27.7,4,In stock
69,A Spy's Devotion (The Regency Spies of London #1),Historical Fiction,16.97,5,In stock
70,Scott Pilgrim's Precious Little Life (Scott Pilgrim #1),Sequential Art,52.29,5,In stock
71,Tsubasa: WoRLD CHRoNiCLE 2 (Tsubasa WoRLD CHRoNiCLE #2),Sequential Art,16.28,1,In stock
72,This One Summer,Sequential Art,19.49,4,In stock
73,The Nameless City (The Nameless City #1),Sequential Art,38.16,4,In stock
74,"Saga, Volume 5 (Saga (Collected Editions) #5)",Sequential Art,51.04,2,In stock
75,"Rat Queens, Vol. 3: Demons (Rat Queens (Collected Editions) #11-15)",Sequential Art,50.4,3,In stock
76,"Princess Jellyfish 2-in-1 Omnibus, Vol. 01 (Princess Jellyfish 2-in-1 Omnibus #1)",Sequential Art,13.61,5,In stock
77,"Pop Gun War, Volume 1: Gift",Sequential Art,18.97,1,In stock
78,Patience,Sequential Art,10.16,3,In stock
79,"Outcast, Vol. 1: A Darkness Surrounds Him (Outcast #1)",Sequential Art,15.44,4,In stock
80,orange: The Complete Collection 1 (orange: The Complete Collection #1),Sequential Art,48.41,1,In stock
81,"Lumberjanes, Vol. 2: Friendship to the Max (Lumberjanes #5-8)",Sequential Art,46.91,2,In stock
82,"Lumberjanes, Vol. 1: Beware the Kitten Holy (Lumberjanes #1-4)",Sequential Art,45.61,3,In stock
83,Lumberjanes Vol. 3: A Terrible Plan (Lumberjanes #9-12),Sequential Art,19.92,2,In stock
84,"I Hate Fairyland, Vol. 1: Madly Ever After (I Hate Fairyland (Compilations) #1-5)",Sequential Art,29.17,2,In stock
85,I am a Hero Omnibus Volume 1,Sequential Art,54.63,3,In stock
86,"Giant Days, Vol. 2 (Giant Days #5-8)",Sequential Art,22.11,2,In stock
87,Danganronpa Volume 1,Sequential Art,51.99,4,In stock
88,"Codename Baboushka, Volume 1: The Conclave of Death",Sequential Art,36.72,4,In stock
89,Camp Midnight,Sequential Art,17.08,4,In stock
90,"Bitch Planet, Vol. 1: Extraordinary Machine (Bitch Planet (Collected Editions))",Sequential Art,37.92,2,In stock
91,The Shadow Hero (The Shadow Hero),Sequential Art,33.14,1,In stock
92,"Fables, Vol. 1: Legends in Exile (Fables #1)",Sequential Art,41.62,4,In stock
93,Batman: The Long Halloween (Batman),Sequential Art,36.5,2,In stock
94,Batman: The Dark Knight Returns (Batman),Sequential Art,15.38,5,In stock
95,"Wonder Woman: Earth One, Volume One (Wonder Woman: Earth One #1)",Sequential Art,37.34,4,In stock
96,"We Are Robin, Vol. 1: The Vigilante Business (We Are Robin #1)",Sequential Art,53.9,1,In stock
97,Through the Woods,Sequential Art,25.38,2,In stock
98,Superman Vol. 1: Before Truth (Superman by Gene Luen Yang #1),Sequential Art,11.89,5,In stock
99,"So Cute It Hurts!!, Vol. 6 (So Cute It Hurts!! #6)",Sequential Art,35.43,4,In stock
100,Robin War,Sequential Art,47.82,3,In stock
101,"Red Hood/Arsenal, Vol. 1: Open for Business (Red Hood/Arsenal #1)",Sequential Art,25.48,2,In stock
102,"Naruto (3-in-1 Edition), Vol. 14: Includes Vols. 40, 41 & 42 (Naruto: Omnibus #14)",Sequential Art,38.39,2,In stock
103,Lowriders to the Center of the Earth (Lowriders in Space #2),Sequential Art,51.51,2,In stock
104,El Deafo,Sequential Art,57.62,5,In stock
105,Batman: Europa,Sequential Art,32.01,2,In stock
106,Art Ops Vol. 1,Sequential Art,48.8,3,In stock
107,"Adulthood Is a Myth: A ""Sarah's Scribbles"" Collection",Sequential Art,10.9,2,In stock
108,"Fruits Basket, Vol. 9 (Fruits Basket #9)",Sequential Art,33.95,4,In stock
109,Roller Girl,Sequential Art,14.1,5,In stock
110,"Fruits Basket, Vol. 7 (Fruits Basket #7)",Sequential Art,19.57,1,In stock
111,"Fruits Basket, Vol. 6 (Fruits Basket #6)",Sequential Art,20.96,4,In stock
112,"Death Note, Vol. 6: Give-and-Take (Death Note #6)",Sequential Art,36.39,3,In stock
113,"Fruits Basket, Vol. 5 (Fruits Basket #5)",Sequential Art,16.33,1,In stock
114,"Death Note, Vol. 5: Whiteout (Death Note #5)",Sequential Art,52.41,1,In stock
115,"The Demon Prince of Momochi House, Vol. 4 (The Demon Prince of Momochi House #4)",Sequential Art,27.88,2,In stock
116,"Fruits Basket, Vol. 4 (Fruits Basket #4)",Sequential Art,50.44,4,In stock
117,"The Wicked + The Divine, Vol. 3: Commercial Suicide (The Wicked + The Divine)",Sequential Art,14.41,3,In stock
118,"The Sandman, Vol. 3: Dream Country (The Sandman (volumes) #3)",Sequential Art,55.55,5,In stock
119,"Saga, Volume 3 (Saga (Collected Editions) #3)",Sequential Art,21.57,5,In stock
120,Prodigy: The Graphic Novel (Legend: The Graphic Novel #2),Sequential Art,43.63,3,In stock
121,Persepolis: The Story of a Childhood (Persepolis #1-2),Sequential Art,39.13,1,In stock
122,Original Fake,Sequential Art,31.45,3,In stock
123,"Grayson, Vol 3: Nemesis (Grayson #3)",Sequential Art,42.72,1,In stock
124,"Fruits Basket, Vol. 3 (Fruits Basket #3)",Sequential Art,45.17,2,In stock
125,"Black Butler, Vol. 1 (Black Butler #1)",Sequential Art,49.31,1,In stock
126,Awkward,Sequential Art,38.02,2,In stock
127,"The Sandman, Vol. 2: The Doll's House (The Sandman (volumes) #2)",Sequential Art,54.81,1,In stock
128,"Saga, Volume 2 (Saga (Collected Editions) #2)",Sequential Art,11.75,3,In stock
129,"Fruits Basket, Vol. 2 (Fruits Basket #2)",Sequential Art,11.64,5,In stock
130,"Y: The Last Man, Vol. 1: Unmanned (Y: The Last Man #1)",Sequential Art,18.51,4,In stock
131,"The Wicked + The Divine, Vol. 1: The Faust Act (The Wicked + The Divine)",Sequential Art,36.52,2,In stock
132,"The Sandman, Vol. 1: Preludes and Nocturnes (The Sandman (volumes) #1)",Sequential Art,54.12,3,In stock
133,The Complete Maus (Maus #1-2),Sequential Art,10.64,3,In stock
134,"Skip Beat!, Vol. 01 (Skip Beat! #1)",Sequential Art,42.12,3,In stock
135,"Saga, Volume 1 (Saga (Collected Editions) #1)",Sequential Art,28.48,1,In stock
136,"Rat Queens, Vol. 1: Sass & Sorcery (Rat Queens (Collected Editions) #1-5)",Sequential Art,46.96,5,In stock
137,"Paper Girls, Vol. 1 (Paper Girls #1-5)",Sequential Art,21.71,4,In stock
138,"Ouran High School Host Club, Vol. 1 (Ouran High School Host Club #1)",Sequential Art,29.87,3,In stock
139,"Ms. Marvel, Vol. 1: No Normal (Ms. Marvel (2014-2015) #1)",Sequential Art,39.39,4,In stock
140,"Hawkeye, Vol. 1: My Life as a Weapon (Hawkeye #1)",Sequential Art,45.24,3,In stock
141,"Giant Days, Vol. 1 (Giant Days #1-4)",Sequential Art,56.76,4,In stock
142,"Fruits Basket, Vol. 1 (Fruits Basket #1)",Sequential Art,40.28,5,In stock
143,"Bleach, Vol. 1: Strawberry and the Soul Reapers (Bleach #1)",Sequential Art,34.65,5,In stock
144,"Ajin: Demi-Human, Volume 1 (Ajin: Demi-Human #1)",Sequential Art,57.06,4,In stock
145,The Secret Garden,Classics,15.08,4,In stock
146,The Metamorphosis,Classics,28.58,1,In stock
147,The Pilgrim's Progress,Classics,50.26,2,In stock
148,The Hound of the Baskervilles (Sherlock Holmes #5),Classics,14.82,2,In stock
149,Little Women (Little Women #1),Classics,28.07,4,In stock
150,Gone with the Wind,Classics,32.49,3,In stock
151,Candide,Classics,58.63,3,In stock
152,Animal Farm,Classics,57.22,3,In stock
153,Wuthering Heights,Classics,17.73,3,In stock
154,The Picture of Dorian Gray,Classics,29.7,2,In stock
155,The Complete Stories and Poems (The Works of Edgar Allan Poe [Cameo Edition]),Classics,26.78,4,In stock
156,Beowulf,Classics,38.35,2,In stock
157,And Then There Were None,Classics,35.01,2,In stock
158,The Story of Hong Gildong,Classics,43.19,4,In stock
159,The Little Prince,Classics,45.42,2,In stock
160,Sense and Sensibility,Classics,37.46,1,In stock
161,Of Mice and Men,Classics,47.11,2,In stock
162,Emma,Classics,32.93,2,In stock
163,Alice in Wonderland (Alice's Adventures in Wonderland #1),Classics,55.53,1,In stock
164,Sophie's World,Philosophy,15.94,5,In stock
165,The Death of Humanity: and the Case for Life,Philosophy,58.11,4,In stock
166,The Stranger,Philosophy,17.44,4,In stock
167,Proofs of God: Classical Arguments from Tertullian to Barth,Philosophy,54.21,1,In stock
168,Kierkegaard: A Christian Missionary to Christians,Philosophy,47.13,1,In stock
169,"At The Existentialist Café: Freedom, Being, and apricot cocktails with: Jean-Paul Sartre, Simone de Beauvoir, Albert Camus, Martin Heidegger, Edmund Husserl, Karl Jaspers, Maurice Merleau-Ponty and others",Philosophy,29.93,5,In stock
170,Critique of Pure Reason,Philosophy,20.75,1,In stock
171,"Run, Spot, Run: The Ethics of Keeping Pets",Philosophy,20.02,1,In stock
172,The Nicomachean Ethics,Philosophy,36.34,1,In stock
173,Meditations,Philosophy,25.89,2,In stock
174,Beyond Good and Evil,Philosophy,43.38,1,In stock
175,Chase Me (Paris Nights #2),Romance,25.27,5,In stock
176,Black Dust,Romance,34.53,5,In stock
177,Her Backup Boyfriend (The Sorensen Family #1),Romance,33.97,1,In stock
178,First and First (Five Boroughs #3),Romance,15.97,4,In stock
179,Fifty Shades Darker (Fifty Shades #2),Romance,21.96,1,In stock
180,The Wedding Dress,Romance,24.12,1,In stock
181,Suddenly in Love (Lake Haven #1),Romance,55.99,2,In stock
182,Something More Than This,Romance,16.24,4,In stock
183,Doing It Over (Most Likely To #1),Romance,35.61,3,In stock
184,The Wedding Pact (The O'Malleys #2),Romance,32.61,3,In stock
185,Hold Your Breath (Search and Rescue #1),Romance,28.82,1,In stock
186,Dirty (Dive Bar #1),Romance,40.83,4,In stock
187,Take Me Home Tonight (Rock Star Romance #3),Romance,53.98,3,In stock
188,Off the Hook (Fishing for Trouble #1),Romance,47.67,3,In stock
189,A Gentleman's Position (Society of Gentlemen #3),Romance,14.75,5,In stock
190,"Sit, Stay, Love",Romance,20.9,3,In stock
191,A Girl's Guide to Moving On (New Beginnings #2),Romance,31.3,1,In stock
192,The Perfect Play (Play by Play #1),Romance,59.99,3,In stock
193,Dark Lover (Black Dagger Brotherhood #1),Romance,12.87,1,In stock
194,Changing the Game (Play by Play #2),Romance,13.38,3,In stock
195,A Walk to Remember,Romance,56.43,1,In stock
196,The Purest Hook (Second Circle Tattoos #3),Romance,12.25,1,In stock
197,The Obsession,Romance,45.43,1,In stock
198,Reservations for Two,Romance,11.1,3,In stock
199,Best of My Love (Fool's Gold #20),Romance,27.41,2,In stock
200,Where Lightning Strikes (Bleeding Stars #3),Romance,39.77,3,In stock
201,This One Moment (Pushing Limits #1),Romance,48.71,1,In stock
202,"Rhythm, Chord & Malykhin",Romance,28.34,2,In stock
203,My Perfect Mistake (Over the Top #1),Romance,38.92,2,In stock
204,Listen to Me (Fusion #1),Romance,58.99,3,In stock
205,Imperfect Harmony,Romance,34.74,4,In stock
206,Fighting Fate (Fighting #6),Romance,39.24,3,In stock
207,Deep Under (Walker Security #1),Romance,47.09,5,In stock
208,Charity's Cross (Charles Towne Belles #4),Romance,41.24,1,In stock
209,Bounty (Colorado Mountain #7),Romance,37.26,4,In stock
210,I Had a Nice Time And Other Lies...: How to find love & sh*t like that,Womens Fiction,57.36,4,In stock
211,Will You Won't You Want Me?,Womens Fiction,13.86,3,In stock
212,Keep Me Posted,Womens Fiction,20.46,4,In stock
213,Grey (Fifty Shades #4),Womens Fiction,48.49,4,In stock
214,Meternity,Womens Fiction,43.58,3,In stock
215,Some Women,Womens Fiction,13.73,5,In stock
216,Shopaholic Ties the Knot (Shopaholic #3),Womens Fiction,48.39,5,In stock
217,Can You Keep a Secret?,Womens Fiction,21.94,1,In stock
218,Twenties Girl,Womens Fiction,42.8,2,In stock
219,The Undomestic Goddess,Womens Fiction,45.75,4,In stock
220,The Nanny Diaries (Nanny #1),Womens Fiction,52.53,5,In stock
221,The Devil Wears Prada (The Devil Wears Prada #1),Womens Fiction,44.29,1,In stock
222,Something Borrowed (Darcy & Rachel #1),Womens Fiction,48.96,5,In stock
223,Something Blue (Darcy & Rachel #2),Womens Fiction,54.62,1,In stock
224,I've Got Your Number,Womens Fiction,19.69,1,In stock
225,The Edge of Reason (Bridget Jones #2),Womens Fiction,19.18,4,In stock
226,Bridget Jones's Diary (Bridget Jones #1),Womens Fiction,29.82,1,In stock
227,Soumission,Fiction,50.1,1,In stock
228,Private Paris (Private #10),Fiction,47.61,5,In stock
229,"We Love You, Charlie Freeman",Fiction,50.27,5,In stock
230,Thirst,Fiction,17.27,5,In stock
231,The Murder That Never Was (Forensic Instincts #5),Fiction,54.11,3,In stock
232,Tuesday Nights in 1980,Fiction,21.04,2,In stock
233,The Vacationers,Fiction,42.15,4,In stock
234,The Regional Office Is Under Attack!,Fiction,51.36,5,In stock
235,Finders Keepers (Bill Hodges Trilogy #2),Fiction,53.53,5,In stock
236,The Time Keeper,Fiction,27.88,5,In stock
237,The Testament of Mary,Fiction,52.67,4,In stock
238,The First Hostage (J.B. Collins #2),Fiction,25.85,3,In stock
239,Take Me with You,Fiction,45.21,3,In stock
240,Still Life with Bread Crumbs,Fiction,26.41,3,In stock
241,Shtum,Fiction,55.84,4,In stock
242,My Name Is Lucy Barton,Fiction,41.56,1,In stock
243,My Mrs. Brown,Fiction,24.48,3,In stock
244,Mr. Mercedes (Bill Hodges Trilogy #1),Fiction,28.9,1,In stock
245,I Am Pilgrim (Pilgrim #1),Fiction,10.6,4,In stock
246,Eligible (The Austen Project #4),Fiction,27.09,3,In stock
247,Eight Hundred Grapes,Fiction,14.39,4,In stock
248,Dear Mr. Knightley,Fiction,11.21,5,In stock
249,Cometh the Hour (The Clifton Chronicles #6),Fiction,25.01,3,In stock
250,Balloon Animals,Fiction,17.03,3,In stock
251,A Man Called Ove,Fiction,39.72,1,In stock
252,The Silent Sister (Riley MacPherson #1),Fiction,46.29,5,In stock
253,The Dinner Party,Fiction,56.54,2,In stock
254,The Improbability of Love,Fiction,59.45,1,In stock
255,Mothering Sunday,Fiction,13.34,2,In stock
256,Lies and Other Acts of Love,Fiction,45.14,1,In stock
257,Daredevils,Fiction,16.34,3,In stock
258,11/22/1963,Fiction,48.48,3,In stock
259,The Shack,Fiction,28.03,1,In stock
260,The High Mountains of Portugal,Fiction,51.15,1,In stock
261,Miller's Valley,Fiction,58.54,2,In stock
262,Hystopia: A Novel,Fiction,21.96,4,In stock
263,The Bourne Identity (Jason Bourne #1),Fiction,42.78,4,In stock
264,Sister Dear,Fiction,40.2,4,In stock
265,Memoirs of a Geisha,Fiction,49.67,3,In stock
266,Me Before You (Me Before You #1),Fiction,19.02,1,In stock
267,Deception Point,Fiction,40.32,4,In stock
268,The Little Paris Bookshop,Fiction,24.73,3,In stock
269,The Firm,Fiction,45.56,3,In stock
270,The Expatriates,Fiction,44.58,2,In stock
271,Siddhartha,Fiction,34.22,5,In stock
272,Last One Home (New Beginnings #1),Fiction,59.98,3,In stock
273,Digital Fortress,Fiction,58,5,In stock
274,Atlas Shrugged,Fiction,26.58,5,In stock
275,Three-Martini Lunch,Fiction,23.21,3,In stock
276,The Nightingale,Fiction,26.26,4,In stock
277,The Infinities,Fiction,27.41,1,In stock
278,The Husband's Secret,Fiction,52.51,5,In stock
279,The Da Vinci Code (Robert Langdon #2),Fiction,22.96,2,In stock
280,The Art of Fielding,Fiction,22.1,1,In stock
281,Lila (Gilead #3),Fiction,12.47,3,In stock
282,Jurassic Park (Jurassic Park #1),Fiction,44.97,1,In stock
283,Inferno (Robert Langdon #4),Fiction,41,5,In stock
284,Crazy Rich Asians (Crazy Rich Asians #1),Fiction,49.13,5,In stock
285,Big Little Lies,Fiction,22.11,1,In stock
286,The Course of Love,Fiction,16.78,3,In stock
287,When I'm Gone,Fiction,51.96,3,In stock
288,The Silent Wife,Fiction,12.34,5,In stock
289,The Bette Davis Club,Fiction,30.66,3,In stock
290,Kitchens of the Great Midwest,Fiction,57.2,5,In stock
291,Bright Lines,Fiction,39.07,5,In stock
292,Birdsong: A Story in Pictures,Childrens,54.64,3,In stock
293,The Bear and the Piano,Childrens,36.89,1,In stock
294,The Secret of Dreadwillow Carse,Childrens,56.13,1,In stock
295,The White Cat and the Monk: A Retelling of the Poem “Pangur Bán”,Childrens,58.08,4,In stock
296,Little Red,Childrens,13.47,3,In stock
297,Walt Disney's Alice in Wonderland,Childrens,12.96,5,In stock
298,Twenty Yawns,Childrens,22.08,2,In stock
299,Rain Fish,Childrens,23.57,3,In stock
300,Once Was a Time,Childrens,18.28,2,In stock
301,Luis Paints the World,Childrens,53.95,3,In stock
302,Nap-a-Roo,Childrens,25.08,1,In stock
303,The Whale,Childrens,35.96,4,In stock
304,"Shrunken Treasures: Literary Classics, Short, Sweet, and Silly",Childrens,52.87,3,In stock
305,Raymie Nightingale,Childrens,34.41,2,In stock
306,Playing from the Heart,Childrens,32.38,1,In stock
307,Maybe Something Beautiful: How Art Transformed a Neighborhood,Childrens,22.54,1,In stock
308,The Wild Robot,Childrens,56.07,3,In stock
309,The Thing About Jellyfish,Childrens,48.77,1,In stock
310,The Lonely Ones,Childrens,43.59,5,In stock
311,The Day the Crayons Came Home (Crayons),Childrens,26.33,5,In stock
312,The Cat in the Hat (Beginner Books B-1),Childrens,16.26,2,In stock
313,Red: The True Story of Red Riding Hood,Childrens,28.54,3,In stock
314,Horrible Bear!,Childrens,37.52,2,In stock
315,Green Eggs and Ham (Beginner Books B-16),Childrens,10.79,4,In stock
316,Counting Thyme,Childrens,10.62,1,In stock
317,Are We There Yet?,Childrens,10.66,3,In stock
318,Diary of a Minecraft Zombie Book 1: A Scare of a Dare (An Unofficial Minecraft Book),Childrens,52.88,4,In stock
319,Matilda,Childrens,28.34,1,In stock
320,Charlie and the Chocolate Factory (Charlie Bucket #1),Childrens,22.85,3,In stock
321,"Don't Be a Jerk: And Other Practical Advice from Dogen, Japan's Greatest Zen Master",Religion,37.97,2,In stock
322,You Are What You Love: The Spiritual Power of Habit,Religion,21.87,4,In stock
323,God: The Most Unpleasant Character in All Fiction,Religion,30.03,5,In stock
324,The Book of Mormon,Religion,24.57,3,In stock
325,"A History of God: The 4,000-Year Quest of Judaism, Christianity, and Islam",Religion,27.62,1,In stock
326,The Bhagavad Gita,Religion,57.49,3,In stock
327,Choosing Our Religion: The Spiritual Lives of America's Nones,Religion,28.42,4,In stock
328,Worlds Elsewhere: Journeys Around Shakespeare’s Globe,Nonfiction,40.3,5,In stock
329,The Five Love Languages: How to Express Heartfelt Commitment to Your Mate,Nonfiction,31.05,3,In stock
330,Reasons to Stay Alive,Nonfiction,26.41,2,In stock
331,#HigherSelfie: Wake Up Your Life. Free Your Soul. Find Your Tribe.,Nonfiction,23.11,5,In stock
332,"Unseen City: The Majesty of Pigeons, the Discreet Charm of Snails & Other Wonders of the Urban Wilderness",Nonfiction,44.18,4,In stock
333,Throwing Rocks at the Google Bus: How Growth Became the Enemy of Prosperity,Nonfiction,31.12,3,In stock
334,The Life-Changing Magic of Tidying Up: The Japanese Art of Decluttering and Organizing,Nonfiction,16.77,3,In stock
335,The Gutsy Girl: Escapades for Your Life of Epic Adventure,Nonfiction,37.13,1,In stock
336,The Electric Pencil: Drawings from Inside State Hospital No. 3,Nonfiction,56.06,1,In stock
337,Spark Joy: An Illustrated Master Class on the Art of Organizing and Tidying Up,Nonfiction,41.83,4,In stock
338,Reskilling America: Learning to Labor in the Twenty-First Century,Nonfiction,19.83,2,In stock
339,In the Country We Love: My Family Divided,Nonfiction,22,4,In stock
340,Everydata: The Misinformation Hidden in the Little Data You Consume Every Day,Nonfiction,54.35,2,In stock
341,Call the Nurse: True Stories of a Country Nurse on a Scottish Isle,Nonfiction,29.14,5,In stock
342,Algorithms to Live By: The Computer Science of Human Decisions,Nonfiction,30.81,1,In stock
343,The Power of Now: A Guide to Spiritual Enlightenment,Nonfiction,43.54,2,In stock
344,The Omnivore's Dilemma: A Natural History of Four Meals,Nonfiction,38.21,2,In stock
345,The Genius of Birds,Nonfiction,17.24,1,In stock
346,The Artist's Way: A Spiritual Path to Higher Creativity,Nonfiction,38.49,5,In stock
347,So You've Been Publicly Shamed,Nonfiction,12.23,2,In stock
348,"Daring Greatly: How the Courage to Be Vulnerable Transforms the Way We Live, Love, Parent, and Lead",Nonfiction,19.43,3,In stock
349,Big Magic: Creative Living Beyond Fear,Nonfiction,30.8,3,In stock
350,Becoming Wise: An Inquiry into the Mystery and Art of Living,Nonfiction,27.43,2,In stock
351,Agnostic: A Spirited Manifesto,Nonfiction,12.51,5,In stock
352,Whole Lotta Creativity Going On: 60 Fun and Unusual Exercises to Awaken and Strengthen Your Creativity,Nonfiction,38.2,4,In stock
353,What's It Like in Space?: Stories from Astronauts Who've Been There,Nonfiction,19.6,2,In stock
354,The Year of Magical Thinking,Nonfiction,43.04,2,In stock
355,The Literature Book (Big Ideas Simply Explained),Nonfiction,17.43,3,In stock
356,The Bad-Ass Librarians of Timbuktu: And Their Race to Save the World’s Most Precious Manuscripts,Nonfiction,15.77,1,In stock
357,Swell: A Year of Waves,Nonfiction,45.58,1,In stock
358,No Dream Is Too High: Life Lessons From a Man Who Walked on the Moon,Nonfiction,21.95,2,In stock
359,Looking for Lovely: Collecting the Moments that Matter,Nonfiction,29.14,5,In stock
360,Let It Out: A Journey Through Journaling,Nonfiction,26.79,5,In stock
361,Hamilton: The Revolution,Nonfiction,58.79,3,In stock
362,"Far & Away: Places on the Brink of Change: Seven Continents, Twenty-Five Years",Nonfiction,15.06,4,In stock
363,"Eaternity: More than 150 Deliciously Easy Vegan Recipes for a Long, Healthy, Satisfied, Joyful Life",Nonfiction,51.75,5,In stock
364,Buying In: The Secret Dialogue Between What We Buy and Who We Are,Nonfiction,37.8,4,In stock
365,Brain on Fire: My Month of Madness,Nonfiction,49.32,5,In stock
366,Abstract City,Nonfiction,56.37,5,In stock
367,13 Hours: The Inside Account of What Really Happened In Benghazi,Nonfiction,27.06,1,In stock
368,The Lonely City: Adventures in the Art of Being Alone,Nonfiction,33.26,2,In stock
369,The Diary of a Young Girl,Nonfiction,59.9,3,In stock
370,Snatched: How A Drug Queen Went Undercover for the DEA and Was Kidnapped By Colombian Guerillas,Nonfiction,21.21,3,In stock
371,Furiously Happy: A Funny Book About Horrible Things,Nonfiction,41.46,4,In stock
372,"The Sleep Revolution: Transforming Your Life, One Night at a Time",Nonfiction,11.68,4,In stock
373,"Mother, Can You Not?",Nonfiction,16.89,5,In stock
374,A Mother's Reckoning: Living in the Aftermath of Tragedy,Nonfiction,19.53,3,In stock
375,"10% Happier: How I Tamed the Voice in My Head, Reduced Stress Without Losing My Edge, and Found Self-Help That Actually Works",Nonfiction,24.57,2,In stock
376,Chernobyl 01:23:40: The Incredible True Story of the World's Worst Nuclear Disaster,Nonfiction,35.92,2,In stock
377,"Zero to One: Notes on Startups, or How to Build the Future",Nonfiction,34.06,3,In stock
378,Why Not Me?,Nonfiction,17.76,1,In stock
379,When Breath Becomes Air,Nonfiction,39.36,2,In stock
380,"The Midnight Assassin: Panic, Scandal, and the Hunt for America's First Serial Killer",Nonfiction,28.45,4,In stock
381,Smarter Faster Better: The Secrets of Being Productive in Life and Business,Nonfiction,38.89,5,In stock
382,Rising Strong,Nonfiction,21.82,3,In stock
383,Man's Search for Meaning,Nonfiction,29.48,3,In stock
384,"Love That Boy: What Two Presidents, Eight Road Trips, and My Son Taught Me About a Parent's Expectations",Nonfiction,25.06,2,In stock
385,Living Forward: A Proven Plan to Stop Drifting and Get the Life You Want,Nonfiction,12.55,3,In stock
386,I Will Find You,Nonfiction,44.21,1,In stock
387,Brazen: The Courage to Find the You That's Been Hiding,Nonfiction,19.22,2,In stock
388,Between the World and Me,Nonfiction,56.91,4,In stock
389,Being Mortal: Medicine and What Matters in the End,Nonfiction,55.06,4,In stock
390,"A Murder Over a Girl: Justice, Gender, Junior High",Nonfiction,13.2,3,In stock
391,For the Love: Fighting for Grace in a World of Impossible Standards,Nonfiction,45.13,3,In stock
392,Finding God in the Ruins: How God Redeems Pain,Nonfiction,46.64,2,In stock
393,The Man Who Mistook His Wife for a Hat and Other Clinical Tales,Nonfiction,59.45,4,In stock
394,In Cold Blood,Nonfiction,49.98,4,In stock
395,"Girl, Interrupted",Nonfiction,42.14,3,In stock
396,Why Save the Bankers?: And Other Essays on Our Economic and Political Crisis,Nonfiction,48.67,2,In stock
397,Talking to Girls About Duran Duran: One Young Man's Quest for True Love and a Cooler Haircut,Nonfiction,25.15,4,In stock
398,My Mother Was Nuts,Nonfiction,31.63,4,In stock
399,"Data, A Love Story: How I Gamed Online Dating to Meet My Match",Nonfiction,32.35,3,In stock
400,The Jazz of Physics: The Secret Link Between Music and the Structure of the Universe,Nonfiction,38.71,3,In stock
401,The Gunning of America: Business and the Making of American Gun Culture,Nonfiction,16.81,4,In stock
402,The Geography of Bliss: One Grump's Search for the Happiest Places in the World,Nonfiction,28.23,2,In stock
403,God Is Not Great: How Religion Poisons Everything,Nonfiction,27.8,1,In stock
404,We the People: The Modern-Day Figures Who Have Reshaped and Affirmed the Founding Fathers' Vision of America,Nonfiction,31.95,3,In stock
405,Very Good Lives: The Fringe Benefits of Failure and the Importance of Imagination,Nonfiction,50.66,3,In stock
406,"Unstuffed: Decluttering Your Home, Mind, and Soul",Nonfiction,58.09,1,In stock
407,Under the Banner of Heaven: A Story of Violent Faith,Nonfiction,30,1,In stock
408,"Trespassing Across America: One Man's Epic, Never-Done-Before (and Sort of Illegal) Hike Across the Heartland",Nonfiction,53.51,1,In stock
409,The Name of God is Mercy,Nonfiction,37.25,2,In stock
410,Stiff: The Curious Lives of Human Cadavers,Nonfiction,36.74,3,In stock
411,Spilled Milk: Based on a True Story,Nonfiction,49.51,1,In stock
412,"Rise of the Rocket Girls: The Women Who Propelled Us, from Missiles to the Moon to Mars",Nonfiction,41.67,4,In stock
413,Outliers: The Story of Success,Nonfiction,14.16,1,In stock
414,Notes from a Small Island (Notes From a Small Island #1),Nonfiction,40.17,1,In stock
415,Night (The Night Trilogy #1),Nonfiction,13.51,1,In stock
416,"Miracles from Heaven: A Little Girl, Her Journey to Heaven, and Her Amazing Story of Healing",Nonfiction,57.83,1,In stock
417,Letter to a Christian Nation,Nonfiction,22.2,1,In stock
418,Let's Pretend This Never Happened: A Mostly True Memoir,Nonfiction,45.11,1,In stock
419,It's Never Too Late to Begin Again: Discovering Creativity and Meaning at Midlife and Beyond,Nonfiction,42.38,1,In stock
420,Into the Wild,Nonfiction,56.7,5,In stock
421,"In the Garden of Beasts: Love, Terror, and an American Family in Hitler's Berlin",Nonfiction,28.85,3,In stock
422,I Am Malala: The Girl Who Stood Up for Education and Was Shot by the Taliban,Nonfiction,28.88,2,In stock
423,Gratitude,Nonfiction,26.66,5,In stock
424,Disrupted: My Misadventure in the Start-Up Bubble,Nonfiction,15.28,5,In stock
425,Brave Enough,Nonfiction,51.32,5,In stock
426,"Born to Run: A Hidden Tribe, Superathletes, and the Greatest Race the World Has Never Seen",Nonfiction,27.35,2,In stock
427,Blink: The Power of Thinking Without Thinking,Nonfiction,21.74,5,In stock
428,Black Flags: The Rise of ISIS,Nonfiction,40.87,1,In stock
429,Are We Smart Enough to Know How Smart Animals Are?,Nonfiction,56.58,1,In stock
430,A Walk in the Woods: Rediscovering America on the Appalachian Trail,Nonfiction,30.48,4,In stock
431,"The Suffragettes (Little Black Classics, #96)",Nonfiction,11.89,2,In stock
432,Kindle Paperwhite User's Guide,Nonfiction,34,3,In stock
433,H is for Hawk,Nonfiction,57.42,5,In stock
434,Travels with Charley: In Search of America,Nonfiction,57.82,5,In stock
435,The Tumor,Nonfiction,41.56,5,In stock
436,The End of the Jesus Era (An Investigation #1),Nonfiction,14.4,1,In stock
437,"Eat, Pray, Love",Nonfiction,51.32,3,In stock
438,Rip it Up and Start Again,Music,35.02,5,In stock
439,"Our Band Could Be Your Life: Scenes from the American Indie Underground, 1981-1991",Music,57.25,3,In stock
440,How Music Works,Music,37.32,2,In stock
441,Love Is a Mix Tape (Music #1),Music,18.03,1,In stock
442,Please Kill Me: The Uncensored Oral History of Punk,Music,31.19,4,In stock
443,Kill 'Em and Leave: Searching for James Brown and the American Soul,Music,45.05,5,In stock
444,"Chronicles, Vol. 1",Music,52.6,2,In stock
445,This Is Your Brain on Music: The Science of a Human Obsession,Music,38.4,1,In stock
446,"Orchestra of Exiles: The Story of Bronislaw Huberman, the Israel Philharmonic, and the One Thousand Jews He Saved from Nazi Horrors",Music,12.36,3,In stock
447,No One Here Gets Out Alive,Music,20.02,5,In stock
448,Life,Music,31.58,5,In stock
449,Old Records Never Die: One Man's Quest for His Vinyl and His Past,Music,55.66,2,In stock
450,Forever Rockers (The Rocker #12),Music,28.8,3,In stock
451,"The Coming Woman: A Novel Based on the Life of the Infamous Feminist, Victoria Woodhull",Default,17.93,3,In stock
452,The Boys in the Boat: Nine Americans and Their Epic Quest for Gold at the 1936 Berlin Olympics,Default,22.6,4,In stock
453,"Starving Hearts (Triangular Trade Trilogy, #1)",Default,13.99,2,In stock
454,America's Cradle of Quarterbacks: Western Pennsylvania's Football Factory from Johnny Unitas to Joe Montana,Default,22.5,3,In stock
455,Aladdin and His Wonderful Lamp,Default,53.13,3,In stock
456,Penny Maybe,Default,33.29,3,In stock
457,Maude (1883-1993):She Grew Up with the country,Default,18.02,2,In stock
458,"The Inefficiency Assassin: Time Management Tactics for Working Smarter, Not Longer",Default,20.59,5,In stock
459,Soul Reader,Default,39.58,2,In stock
460,Bossypants,Default,49.46,2,In stock
461,A World of Flavor: Your Gluten Free Passport,Default,42.95,1,In stock
462,"A Piece of Sky, a Grain of Rice: A Memoir in Four Meditations",Default,56.76,5,In stock
463,Tracing Numbers on a Train,Default,41.6,3,In stock
464,Thirteen Reasons Why,Default,52.72,1,In stock
465,The Secret (The Secret #1),Default,27.37,4,In stock
466,The Psychopath Test: A Journey Through the Madness Industry,Default,36,2,In stock
467,The Kite Runner,Default,41.82,4,In stock
468,The Girl on the Train,Default,55.02,2,In stock
469,The Emerald Mystery,Default,23.15,2,In stock
470,The Bridge to Consciousness: I'm Writing the Bridge Between Science and Our Old and New Beliefs.,Default,32,3,In stock
471,The Art of War,Default,33.34,5,In stock
472,Secrets and Lace (Fatal Hearts #1),Default,20.27,1,In stock
473,Romero and Juliet: A Tragic Tale of Love and Zombies,Default,36.94,1,In stock
474,Poses for Artists Volume 1 - Dynamic and Sitting Poses: An Essential Reference for Figure Drawing and the Human Form,Default,41.06,1,In stock
475,Miss Peregrine’s Home for Peculiar Children (Miss Peregrine’s Peculiar Children #1),Default,10.76,1,In stock
476,Large Print Heart of the Pride,Default,19.15,2,In stock
477,Grumbles,Default,22.16,2,In stock
478,First Steps for New Christians (Print Edition),Default,29,1,In stock
479,Eureka Trivia 6.0,Default,54.59,4,In stock
480,Drive: The Surprising Truth About What Motivates Us,Default,34.95,4,In stock
481,Done Rubbed Out (Reightman & Bailey #1),Default,37.72,5,In stock
482,Beauty Restored (Riley Family Legacy Novellas #3),Default,11.11,2,In stock
483,Ayumi's Violin,Default,15.48,2,In stock
484,Anonymous,Default,46.82,4,In stock
485,Amy Meets the Saints and Sages,Default,18.46,3,In stock
486,Amatus,Default,50.54,5,In stock
487,V for Vendetta (V for Vendetta Complete),Default,37.1,4,In stock
488,"Unbroken: A World War II Story of Survival, Resilience, and Redemption",Default,45.95,2,In stock
489,The Wright Brothers,Default,56.8,4,In stock
490,The Songs of the Gods,Default,44.48,5,In stock
491,The Rosie Project (Don Tillman #1),Default,54.04,1,In stock
492,The Power of Habit: Why We Do What We Do in Life and Business,Default,16.88,3,In stock
493,Steve Jobs,Default,39.5,5,In stock
494,Luckiest Girl Alive,Default,49.83,3,In stock
495,"Living Leadership by Insight: A Good Leader Achieves, a Great Leader Builds Monuments",Default,46.91,4,In stock
496,Lady Midnight (The Dark Artifices #1),Default,16.28,5,In stock
497,"Hush, Hush (Hush, Hush #1)",Default,47.02,3,In stock
498,Greek Mythic History,Default,10.23,5,In stock
499,Every Last Word,Default,46.47,3,In stock
500,Daily Fantasy Sports,Default,36.58,1,In stock
501,Clockwork Angel (The Infernal Devices #1),Default,44.14,1,In stock
502,City of Fallen Angels (The Mortal Instruments #4),Default,11.23,4,In stock
503,City of Bones (The Mortal Instruments #1),Default,43.28,1,In stock
504,City of Ashes (The Mortal Instruments #2),Default,47.27,1,In stock
505,"Carry On, Warrior: Thoughts on Life Unarmed",Default,31.85,3,In stock
506,Carrie,Default,46.23,2,In stock
507,Angels & Demons (Robert Langdon #1),Default,51.48,3,In stock
508,"The Three Searches, Meaning, and the Story",Default,13.33,3,In stock
509,Raspberry Pi Electronics Projects for the Evil Genius,Default,49.67,4,In stock
510,How to Speak Golf: An Illustrated Guide to Links Lingo,Default,58.32,5,In stock
511,Eleanor & Park,Default,56.51,5,In stock
512,Troublemaker: Surviving Hollywood and Scientology,Default,48.39,2,In stock
513,Adultery,Default,20.88,5,In stock
514,Unlimited Intuition Now,Default,58.87,4,In stock
515,Underlying Notes,Default,11.82,2,In stock
516,The New Brand You: Your New Image Makes the Sale for You,Default,44.05,5,In stock
517,The Flowers Lied,Default,16.68,2,In stock
518,"NaNo What Now? Finding your editing process, revising your NaNoWriMo book and building a writing career through publishing and beyond",Default,10.41,4,In stock
519,Modern Day Fables,Default,47.44,2,In stock
520,The Unlikely Pilgrimage of Harold Fry (Harold Fry #1),Default,43.62,5,In stock
521,The Martian (The Martian #1),Default,41.39,2,In stock
522,Left Behind (Left Behind #1),Default,40.72,2,In stock
523,John Vassos: Industrial Design for Modern Life,Default,20.22,4,In stock
524,I'll Give You the Sun,Default,56.48,1,In stock
525,Heaven is for Real: A Little Boy's Astounding Story of His Trip to Heaven and Back,Default,52.86,2,In stock
526,Ender's Game (The Ender Quintet #1),Default,43.64,1,In stock
527,Death by Leisure: A Cautionary Tale,Default,37.51,4,In stock
528,Wildlife of New York: A Five-Borough Coloring Book,Default,22.14,2,In stock
529,The Year of Living Biblically: One Man's Humble Quest to Follow the Bible as Literally as Possible,Default,34.72,1,In stock
530,The Great Gatsby,Default,36.05,4,In stock
531,The Good Girl,Default,49.03,3,In stock
532,The 7 Habits of Highly Effective People: Powerful Lessons in Personal Change,Default,33.17,4,In stock
533,Steal Like an Artist: 10 Things Nobody Told You About Being Creative,Default,20.9,2,In stock
534,Life of Pi,Default,13.22,4,In stock
535,The Sound Of Love,Default,57.84,5,In stock
536,The Perks of Being a Wallflower,Default,55.02,3,In stock
537,The Makings of a Fatherless Child,Default,31.58,2,In stock
538,The Hobbit (Middle-Earth Universe),Default,17.8,5,In stock
539,The Fellowship of the Ring (The Lord of the Rings #1),Default,10.27,2,In stock
540,Ship Leaves Harbor: Essays on Travel by a Recovering Journeyman,Default,30.6,3,In stock
541,Musicophilia: Tales of Music and the Brain,Default,46.58,1,In stock
542,What If?: Serious Scientific Answers to Absurd Hypothetical Questions,Default,53.68,4,In stock
543,The Fault in Our Stars,Default,47.22,1,In stock
544,The Dream Thieves (The Raven Cycle #2),Default,34.5,1,In stock
545,The 5th Wave (The 5th Wave #1),Default,11.83,2,In stock
546,Shiver (The Wolves of Mercy Falls #1),Default,16.23,5,In stock
547,Remember Me?,Default,11.48,3,In stock
548,If I Stay (If I Stay #1),Default,38.13,5,In stock
549,I Know Why the Caged Bird Sings (Maya Angelou's Autobiography #1),Default,36.55,2,In stock
550,Harry Potter and the Deathly Hallows (Harry Potter #7),Default,23.32,1,In stock
551,Fool Me Once,Default,16.96,1,In stock
552,Drama,Default,38.7,2,In stock
553,"Blue Lily, Lily Blue (The Raven Cycle #3)",Default,34.13,5,In stock
554,Alight (The Generations Trilogy #2),Default,58.59,4,In stock
555,Vogue Colors A to Z: A Fashion Coloring Book,Default,52.35,4,In stock
556,The Shining (The Shining #1),Default,27.88,3,In stock
557,The Hunger Games (The Hunger Games #1),Default,29.85,5,In stock
558,Outlander (Outlander #1),Default,19.67,5,In stock
559,Mockingjay (The Hunger Games #3),Default,20.44,4,In stock
560,Harry Potter and the Sorcerer's Stone (Harry Potter #1),Default,13.9,3,In stock
561,Confessions of a Shopaholic (Shopaholic #1),Default,48.94,2,In stock
562,Zero History (Blue Ant #3),Default,34.77,1,In stock
563,World War Z: An Oral History of the Zombie War,Default,21.8,1,In stock
564,Wild: From Lost to Found on the Pacific Crest Trail,Default,46.02,3,In stock
565,"Where'd You Go, Bernadette",Default,18.13,1,In stock
566,Twilight (Twilight #1),Default,41.93,2,In stock
567,The Paris Wife,Default,36.8,3,In stock
568,The Maze Runner (The Maze Runner #1),Default,20.93,1,In stock
569,The Lover's Dictionary,Default,58.09,2,In stock
570,The Goldfinch,Default,43.58,3,In stock
571,The Giver (The Giver Quartet #1),Default,12.3,1,In stock
572,The Girl Who Played with Fire (Millennium Trilogy #2),Default,22.14,2,In stock
573,The Demon-Haunted World: Science as a Candle in the Dark,Default,52.25,4,In stock
574,The Book Thief,Default,53.49,2,In stock
575,The Autobiography of Malcolm X,Default,23.43,2,In stock
576,Shopaholic & Baby (Shopaholic #5),Default,46.45,2,In stock
577,Quiet: The Power of Introverts in a World That Can't Stop Talking,Default,43.55,1,In stock
578,Packing for Mars: The Curious Science of Life in the Void,Default,56.68,2,In stock
579,Orange Is the New Black,Default,24.61,2,In stock
580,One for the Money (Stephanie Plum #1),Default,32.87,2,In stock
581,Morning Star (Red Rising #3),Default,29.4,1,In stock
582,Life After Life,Default,26.13,2,In stock
583,"Lean In: Women, Work, and the Will to Lead",Default,25.02,1,In stock
584,Is Everyone Hanging Out Without Me? (And Other Concerns),Default,20.11,3,In stock
585,Gone Girl,Default,37.6,5,In stock
586,Fellside,Default,38.62,1,In stock
587,Eclipse (Twilight #3),Default,18.74,1,In stock
588,Dracula,Default,52.62,3,In stock
589,Dead Wake: The Last Crossing of the Lusitania,Default,39.24,5,In stock
590,"David and Goliath: Underdogs, Misfits, and the Art of Battling Giants",Default,17.81,1,In stock
591,Dark Places,Default,23.9,5,In stock
592,Breaking Dawn (Twilight #4),Default,35.28,5,In stock
593,Beautiful Creatures (Caster Chronicles #1),Default,21.55,5,In stock
594,A Visit from the Goon Squad,Default,14.08,5,In stock
595,The Zombie Room,Default,19.69,5,In stock
596,The Name of the Wind (The Kingkiller Chronicle #1),Default,50.59,3,In stock
597,Taking Shots (Assassins #1),Default,18.88,2,In stock
598,Shatter Me (Shatter Me #1),Default,42.4,1,In stock
599,Paradise Lost (Paradise #1),Default,24.96,1,In stock
600,On the Road (Duluoz Legend),Default,32.36,3,In stock
601,Jane Eyre,Default,38.43,5,In stock
602,Frankenstein,Default,38,2,In stock
603,Mesaerion: The Best Science Fiction Stories 1800-1849,Science Fiction,37.59,1,In stock
604,Join,Science Fiction,35.67,5,In stock
605,"William Shakespeare's Star Wars: Verily, A New Hope (William Shakespeare's Star Wars #4)",Science Fiction,43.3,4,In stock
606,The Project,Science Fiction,10.65,1,In stock
607,Soft Apocalypse,Science Fiction,26.12,2,In stock
608,Sleeping Giants (Themis Files #1),Science Fiction,48.74,1,In stock
609,Arena,Science Fiction,21.36,4,In stock
610,Foundation (Foundation (Publication Order) #1),Science Fiction,32.42,1,In stock
611,The Restaurant at the End of the Universe (Hitchhiker's Guide to the Galaxy #2),Science Fiction,10.92,1,In stock
612,Ready Player One,Science Fiction,19.07,4,In stock
613,"Life, the Universe and Everything (Hitchhiker's Guide to the Galaxy #3)",Science Fiction,33.26,2,In stock
614,Dune (Dune #1),Science Fiction,54.86,1,In stock
615,Do Androids Dream of Electric Sheep? (Blade Runner #1),Science Fiction,51.48,1,In stock
616,Three Wishes (River of Time: California #1),Science Fiction,44.18,2,In stock
617,The Last Girl (The Dominion Trilogy #1),Science Fiction,36.26,2,In stock
618,Having the Barbarian's Baby (Ice Planet Barbarians #7.5),Science Fiction,34.96,4,In stock
619,The Book of Basketball: The NBA According to The Sports Guy,Sports and Games,44.84,5,In stock
620,"Friday Night Lights: A Town, a Team, and a Dream",Sports and Games,51.22,3,In stock
621,Sugar Rush (Offensive Line #2),Sports and Games,24.42,1,In stock
622,Settling the Score (The Summer Games #1),Sports and Games,44.91,2,In stock
623,Icing (Aces Hockey #2),Sports and Games,40.44,4,In stock
624,The Torch Is Passed: A Harding Family Story,Add a comment,19.09,1,In stock
625,"The Mindfulness and Acceptance Workbook for Anxiety: A Guide to Breaking Free from Anxiety, Phobias, and Worry Using Acceptance and Commitment Therapy",Add a comment,23.89,4,In stock
626,The Art Forger,Add a comment,40.76,3,In stock
627,On a Midnight Clear,Add a comment,14.07,3,In stock
628,Judo: Seven Steps to Black Belt (an Introductory Guide for Beginners),Add a comment,53.9,2,In stock
629,"Shobu Samurai, Project Aryoku (#3)",Add a comment,29.06,3,In stock
630,Modern Romance,Add a comment,28.26,5,In stock
631,The White Queen (The Cousins' War #1),Add a comment,25.91,5,In stock
632,The Song of Achilles,Add a comment,37.4,5,In stock
633,The Immortal Life of Henrietta Lacks,Add a comment,40.67,2,In stock
634,The Dovekeepers,Add a comment,48.78,1,In stock
635,More Than Music (Chasing the Dream #1),Add a comment,37.61,2,In stock
636,Code Name Verity (Code Name Verity #1),Add a comment,22.13,4,In stock
637,Cell,Add a comment,20.29,4,In stock
638,Angels Walking (Angels Walking #1),Add a comment,34.2,2,In stock
639,"A Series of Catastrophes and Miracles: A True Story of Love, Science, and Cancer",Add a comment,56.48,2,In stock
640,A People's History of the United States,Add a comment,40.79,2,In stock
641,A Brush of Wings (Angels Walking #3),Add a comment,55.51,1,In stock
642,Rook,Add a comment,37.86,4,In stock
643,The Midnight Watch: A Novel of the Titanic and the Californian,Add a comment,26.2,1,In stock
644,The Gray Rhino: How to Recognize and Act on the Obvious Dangers We Ignore,Add a comment,59.15,4,In stock
645,The Children,Add a comment,11.88,3,In stock
646,One with You (Crossfire #5),Add a comment,15.71,4,In stock
647,Without Shame,Add a comment,48.27,5,In stock
648,Watchmen,Add a comment,58.05,4,In stock
649,A Hero's Curse (The Unseen Chronicles #1),Add a comment,50.49,3,In stock
650,23 Degrees South: A Tropical Tale of Changing Whether...,Add a comment,35.79,2,In stock
651,The Glass Castle,Add a comment,16.24,1,In stock
652,The Drowning Girls,Add a comment,35.67,3,In stock
653,Team of Rivals: The Political Genius of Abraham Lincoln,Add a comment,20.12,5,In stock
654,John Adams,Add a comment,57.43,4,In stock
655,Good in Bed (Cannie Shapiro #1),Add a comment,37.05,5,In stock
656,The Joy of Cooking,Add a comment,43.27,4,In stock
657,The Golden Compass (His Dark Materials #1),Add a comment,18.77,1,In stock
658,The God Delusion,Add a comment,46.85,3,In stock
659,Pride and Prejudice,Add a comment,19.27,4,In stock
660,Mere Christianity,Add a comment,48.51,3,In stock
661,Fun Home: A Family Tragicomic,Add a comment,56.59,4,In stock
662,The Raven King (The Raven Cycle #4),Add a comment,30.57,2,In stock
663,Find Her (Detective D.D. Warren #8),Add a comment,22.37,1,In stock
664,Evicted: Poverty and Profit in the American City,Add a comment,42.27,1,In stock
665,A Game of Thrones (A Song of Ice and Fire #1),Add a comment,46.42,2,In stock
666,A Clash of Kings (A Song of Ice and Fire #2),Add a comment,10.79,3,In stock
667,The Tipping Point: How Little Things Can Make a Big Difference,Add a comment,10.02,2,In stock
668,The Rest Is Noise: Listening to the Twentieth Century,Add a comment,34.77,1,In stock
669,The Purpose Driven Life: What on Earth Am I Here for?,Add a comment,37.19,3,In stock
670,The Hitchhiker's Guide to the Galaxy (Hitchhiker's Guide to the Galaxy #1),Add a comment,47.8,3,In stock
671,The Girl Who Kicked the Hornet's Nest (Millennium Trilogy #3),Add a comment,57.48,1,In stock
672,"The End of Faith: Religion, Terror, and the Future of Reason",Add a comment,22.13,4,In stock
673,The Complete Poems,Add a comment,41.32,5,In stock
674,The Catcher in the Rye,Add a comment,24.55,1,In stock
675,The Case for Christ (Cases for Christianity),Add a comment,47.84,1,In stock
676,The Blind Side: Evolution of a Game,Add a comment,53.71,5,In stock
677,Seven Days in the Art World,Add a comment,52.33,2,In stock
678,Sarah's Key,Add a comment,46.29,1,In stock
679,Rogue Lawyer (Rogue Lawyer #1),Add a comment,50.11,3,In stock
680,Manuscript Found in Accra,Add a comment,34.98,2,In stock
681,Fire Bound (Sea Haven/Sisters of the Heart #5),Add a comment,21.28,4,In stock
682,Cosmos,Add a comment,36.17,2,In stock
683,#GIRLBOSS,Add a comment,50.96,1,In stock
684,The Sense of an Ending,Add a comment,31.38,3,In stock
685,The Republic,Add a comment,33.78,3,In stock
686,The Odyssey,Add a comment,29.64,3,In stock
687,The Light of the Fireflies,Add a comment,54.43,1,In stock
688,The Iliad,Add a comment,16.16,1,In stock
689,The Communist Manifesto,Add a comment,14.76,3,In stock
690,Lord of the Flies,Add a comment,24.89,3,In stock
691,Unicorn Tracks,Fantasy,18.78,3,In stock
692,"Saga, Volume 6 (Saga (Collected Editions) #6)",Fantasy,25.02,3,In stock
693,Princess Between Worlds (Wide-Awake Princess #5),Fantasy,13.34,5,In stock
694,Masks and Shadows,Fantasy,56.4,2,In stock
695,Crown of Midnight (Throne of Glass #2),Fantasy,43.29,3,In stock
696,"Avatar: The Last Airbender: Smoke and Shadow, Part 3 (Smoke and Shadow #3)",Fantasy,28.09,2,In stock
697,A Court of Thorns and Roses (A Court of Thorns and Roses #1),Fantasy,52.37,1,In stock
698,Throne of Glass (Throne of Glass #1),Fantasy,35.07,3,In stock
699,The Glittering Court (The Glittering Court #1),Fantasy,44.28,1,In stock
700,Hollow City (Miss Peregrine’s Peculiar Children #2),Fantasy,42.98,1,In stock
701,The Star-Touched Queen,Fantasy,46.02,5,In stock
702,The Hidden Oracle (The Trials of Apollo #1),Fantasy,52.26,2,In stock
703,The Bane Chronicles (The Bane Chronicles #1-11),Fantasy,44.73,4,In stock
704,Island of Dragons (Unwanteds #7),Fantasy,29.65,1,In stock
705,Demigods & Magicians: Percy and Annabeth Meet the Kanes (Percy Jackson & Kane Chronicles Crossover #1-3),Fantasy,37.51,5,In stock
706,City of Glass (The Mortal Instruments #3),Fantasy,56.02,4,In stock
707,Searching for Meaning in Gailana,Fantasy,38.73,1,In stock
708,The Star-Touched Queen,Fantasy,32.3,5,In stock
709,A Shard of Ice (The Black Symphony Saga #1),Fantasy,56.63,3,In stock
710,King's Folly (The Kinsman Chronicles #1),Fantasy,39.61,5,In stock
711,Every Heart a Doorway (Every Heart A Doorway #1),Fantasy,12.16,5,In stock
712,A Gathering of Shadows (Shades of Magic #2),Fantasy,44.81,4,In stock
713,The Raven Boys (The Raven Cycle #1),Fantasy,57.74,4,In stock
714,The False Prince (The Ascendance Trilogy #1),Fantasy,56,5,In stock
715,Tell the Wind and Fire,Fantasy,45.51,3,In stock
716,A Feast for Crows (A Song of Ice and Fire #4),Fantasy,17.21,4,In stock
717,The Demonists (Demonist #1),Fantasy,52.11,2,In stock
718,The Beast (Black Dagger Brotherhood #14),Fantasy,46.08,5,In stock
719,Paper and Fire (The Great Library #2),Fantasy,49.45,5,In stock
720,Harry Potter and the Order of the Phoenix (Harry Potter #5),Fantasy,31.63,4,In stock
721,Harry Potter and the Half-Blood Prince (Harry Potter #6),Fantasy,48.75,5,In stock
722,Harry Potter and the Chamber of Secrets (Harry Potter #2),Fantasy,14.74,1,In stock
723,The Rose & the Dagger (The Wrath and the Dawn #2),Fantasy,58.64,4,In stock
724,Soldier (Talon #3),Fantasy,24.72,2,In stock
725,Midnight Riot (Peter Grant/ Rivers of London - books #1),Fantasy,55.46,2,In stock
726,Heir to the Sky,Fantasy,44.07,4,In stock
727,Eragon (The Inheritance Cycle #1),Fantasy,43.87,3,In stock
728,Darkfever (Fever #1),Fantasy,56.02,1,In stock
729,Ash,Fantasy,22.06,4,In stock
730,A Storm of Swords (A Song of Ice and Fire #3),Fantasy,31.22,2,In stock
731,Vampire Girl (Vampire Girl #1),Fantasy,53.82,2,In stock
732,The Silent Twin (Detective Jennifer Knight #3),Fantasy,36.25,3,In stock
733,The Mirror & the Maze (The Wrath and the Dawn #1.5),Fantasy,29.38,1,In stock
734,Sister Sable (The Mad Queen #1),Fantasy,13.33,3,In stock
735,Shadow Rites (Jane Yellowrock #10),Fantasy,21.72,4,In stock
736,Origins (Alphas 0.5),Fantasy,28.99,1,In stock
737,One Second (Seven #7),Fantasy,52.94,2,In stock
738,Myriad (Prentor #1),Fantasy,58.75,4,In stock
739,Without Borders (Wanderlove #1),New Adult,45.07,2,In stock
740,The Mistake (Off-Campus #2),New Adult,43.29,3,In stock
741,The Matchmaker's Playbook (Wingmen Inc. #1),New Adult,55.85,1,In stock
742,The Hook Up (Game On #1),New Adult,36.29,5,In stock
743,Shameless,New Adult,58.35,3,In stock
744,Off Sides (Off #1),New Adult,39.45,5,In stock
745,The Requiem Red,Young Adult,22.65,1,In stock
746,Set Me Free,Young Adult,17.46,5,In stock
747,The Natural History of Us (The Fine Art of Pretending #2),Young Adult,45.22,3,In stock
748,Obsidian (Lux #1),Young Adult,14.86,2,In stock
749,Burning,Young Adult,28.81,3,In stock
750,A Fierce and Subtle Poison,Young Adult,28.13,4,In stock
751,Scarlett Epstein Hates It Here,Young Adult,43.55,5,In stock
752,"Nightingale, Sing",Young Adult,38.28,1,In stock
753,Library of Souls (Miss Peregrine’s Peculiar Children #3),Young Adult,48.56,5,In stock
754,Frostbite (Vampire Academy #2),Young Adult,29.99,5,In stock
755,Wild Swans,Young Adult,14.36,2,In stock
756,Until Friday Night (The Field Party #1),Young Adult,46.31,2,In stock
757,This Is Where It Ends,Young Adult,27.12,2,In stock
758,The Darkest Lie,Young Adult,35.35,5,In stock
759,My Kind of Crazy,Young Adult,40.36,1,In stock
760,Don't Get Caught,Young Adult,55.35,1,In stock
761,Catching Jordan (Hundred Oaks),Young Adult,50.83,3,In stock
762,Aristotle and Dante Discover the Secrets of the Universe (Aristotle and Dante Discover the Secrets of the Universe #1),Young Adult,58.14,4,In stock
763,The Epidemic (The Program 0.6),Young Adult,14.44,5,In stock
764,Stars Above (The Lunar Chronicles #4.5),Young Adult,48.05,2,In stock
765,No Love Allowed (Dodge Cove #1),Young Adult,54.65,4,In stock
766,"Exit, Pursued by a Bear",Young Adult,51.34,4,In stock
767,The Alien Club,Young Adult,54.4,1,In stock
768,Don't Forget Steven,Young Adult,33.23,1,In stock
769,South of Sunshine,Young Adult,28.93,1,In stock
770,My Life Next Door (My Life Next Door ),Young Adult,36.39,5,In stock
771,Future Shock (Future Shock #1),Young Adult,55.65,5,In stock
772,Nightstruck: A Novel,Young Adult,50.35,4,In stock
773,Tell the Wolves I'm Home,Young Adult,50.96,2,In stock
774,"Will Grayson, Will Grayson (Will Grayson, Will Grayson)",Young Adult,47.31,4,In stock
775,Where She Went (If I Stay #2),Young Adult,41.73,4,In stock
776,Two Summers,Young Adult,14.64,1,In stock
777,The Darkest Corners,Young Adult,11.33,5,In stock
778,Tell Me Three Things,Young Adult,41.81,1,In stock
779,Lola and the Boy Next Door (Anna and the French Kiss #2),Young Adult,23.63,4,In stock
780,Kill the Boy Band,Young Adult,15.52,5,In stock
781,Isla and the Happily Ever After (Anna and the French Kiss #3),Young Adult,48.13,5,In stock
782,An Abundance of Katherines,Young Adult,10,5,In stock
783,Harry Potter and the Prisoner of Azkaban (Harry Potter #3),Young Adult,24.17,4,In stock
784,Walk the Edge (Thunder Road #2),Young Adult,32.36,3,In stock
785,Two Boys Kissing,Young Adult,32.74,2,In stock
786,The New Guy (and Other Senior Year Distractions),Young Adult,44.92,3,In stock
787,"The Land of 10,000 Madonnas",Young Adult,29.64,4,In stock
788,Scarlet (The Lunar Chronicles #2),Young Adult,14.57,4,In stock
789,Legend (Legend #1),Young Adult,43.69,4,In stock
790,Lady Renegades (Rebel Belle #3),Young Adult,53.04,5,In stock
791,Golden (Heart of Dread #3),Young Adult,42.21,4,In stock
792,Cinder (The Lunar Chronicles #1),Young Adult,26.09,1,In stock
793,Boy Meets Boy,Young Adult,21.12,3,In stock
794,Annie on My Mind,Young Adult,36.83,5,In stock
795,New Moon (Twilight #2),Young Adult,12.86,4,In stock
796,Girl Online On Tour (Girl Online #2),Young Adult,53.47,1,In stock
797,The Haters,Young Adult,27.89,5,In stock
798,The Art of Not Breathing,Young Adult,40.83,4,In stock
799,The Most Perfect Thing: Inside (and Outside) a Bird's Egg,Science,42.96,4,In stock
800,Immunity: How Elie Metchnikoff Changed the Course of Modern Medicine,Science,57.36,5,In stock
801,Sorting the Beef from the Bull: The Science of Food Fraud Forensics,Science,44.74,4,In stock
802,Tipping Point for Planet Earth: How Close Are We to the Edge?,Science,37.55,1,In stock
803,"The Fabric of the Cosmos: Space, Time, and the Texture of Reality",Science,55.91,1,In stock
804,Diary of a Citizen Scientist: Chasing Tiger Beetles and Other New Ways of Engaging the World,Science,28.41,1,In stock
805,The Origin of Species,Science,10.01,4,In stock
806,The Grand Design,Science,13.76,3,In stock
807,Peak: Secrets from the New Science of Expertise,Science,16.28,2,In stock
808,"The Elegant Universe: Superstrings, Hidden Dimensions, and the Quest for the Ultimate Theory",Science,13.03,4,In stock
809,"The Disappearing Spoon: And Other True Tales of Madness, Love, and the History of the World from the Periodic Table of the Elements",Science,57.35,5,In stock
810,"Surely You're Joking, Mr. Feynman!: Adventures of a Curious Character",Science,25.83,2,In stock
811,Seven Brief Lessons on Physics,Science,30.6,4,In stock
812,The Selfish Gene,Science,29.45,1,In stock
813,A Light in the Attic,Poetry,51.77,3,In stock
814,The Black Maria,Poetry,52.15,1,In stock
815,Shakespeare's Sonnets,Poetry,20.66,4,In stock
816,Olio,Poetry,23.88,1,In stock
817,You can't bury them all: Poems,Poetry,33.63,2,In stock
818,Slow States of Collapse: Poems,Poetry,57.31,3,In stock
819,Untitled Collection: Sabbath Poems 2014,Poetry,14.27,4,In stock
820,Poems That Make Grown Women Cry,Poetry,14.19,4,In stock
821,Night Sky with Exit Wounds,Poetry,41.05,1,In stock
822,salt.,Poetry,46.78,4,In stock
823,"Quarter Life Poetry: Poems for the Young, Broke and Hangry",Poetry,50.89,5,In stock
824,Out of Print: City Lights Spotlight No. 14,Poetry,53.64,5,In stock
825,Les Fleurs du Mal,Poetry,29.04,5,In stock
826,Howl and Other Poems,Poetry,40.45,2,In stock
827,Leave This Song Behind: Teen Poetry at Its Best,Poetry,51.17,5,In stock
828,The Collected Poems of W.B. Yeats (The Collected Works of W.B. Yeats #1),Poetry,15.42,5,In stock
829,The Crossover,Poetry,38.77,4,In stock
830,Booked,Poetry,17.49,5,In stock
831,Twenty Love Poems and a Song of Despair,Poetry,30.95,4,In stock
832,"Vampire Knight, Vol. 1 (Vampire Knight #1)",Paranormal,15.4,1,In stock
833,Wall and Piece,Art,44.18,4,In stock
834,Feathers: Displays of Brilliant Plumage,Art,49.05,3,In stock
835,Art and Fear: Observations on the Perils (and Rewards) of Artmaking,Art,48.63,4,In stock
836,The New Drawing on the Right Side of the Brain,Art,43.02,3,In stock
837,History of Beauty,Art,10.29,4,In stock
838,The Story of Art,Art,41.14,4,In stock
839,The Art Book,Art,32.34,2,In stock
840,Ways of Seeing,Art,39.51,5,In stock
841,The Lucifer Effect: Understanding How Good People Turn Evil,Psychology,10.4,1,In stock
842,The Golden Condom: And Other Essays on Love Lost and Found,Psychology,39.43,1,In stock
843,It Didn't Start with You: How Inherited Family Trauma Shapes Who We Are and How to End the Cycle,Psychology,56.27,3,In stock
844,An Unquiet Mind: A Memoir of Moods and Madness,Psychology,21.3,3,In stock
845,"Thinking, Fast and Slow",Psychology,21.14,1,In stock
846,Civilization and Its Discontents,Psychology,59.95,2,In stock
847,8 Keys to Mental Health Through Exercise,Psychology,31.04,1,In stock
848,The Argonauts,Autobiography,10.93,2,In stock
849,M Train,Autobiography,27.18,1,In stock
850,Lab Girl,Autobiography,40.85,1,In stock
851,Approval Junkie: Adventures in Caring Too Much,Autobiography,58.81,5,In stock
852,Running with Scissors,Autobiography,12.91,4,In stock
853,Me Talk Pretty One Day,Autobiography,57.6,2,In stock
854,Lust & Wonder,Autobiography,11.87,2,In stock
855,Life Without a Recipe,Autobiography,59.04,5,In stock
856,A Heartbreaking Work of Staggering Genius,Autobiography,54.29,5,In stock
857,Catastrophic Happiness: Finding Joy in Childhood's Messy Years,Parenting,37.35,2,In stock
858,Fifty Shades Freed (Fifty Shades #3),Adult Fiction,15.36,5,In stock
859,The Long Haul (Diary of a Wimpy Kid #9),Humor,44.07,1,In stock
860,Old School (Diary of a Wimpy Kid #10),Humor,11.83,5,In stock
861,I Know What I'm Doing -- and Other Lies I Tell Myself: Dispatches from a Life Under Construction,Humor,25.98,4,In stock
862,"Hyperbole and a Half: Unfortunate Situations, Flawed Coping Mechanisms, Mayhem, and Other Things That Happened",Humor,14.75,5,In stock
863,Dress Your Family in Corduroy and Denim,Humor,43.68,3,In stock
864,Toddlers Are A**holes: It's Not Your Fault,Humor,25.55,1,In stock
865,When You Are Engulfed in Flames,Humor,30.89,5,In stock
866,Naked,Humor,31.69,3,In stock
867,"Lamb: The Gospel According to Biff, Christ's Childhood Pal",Humor,55.5,5,In stock
868,Holidays on Ice,Humor,51.07,2,In stock
869,Security,Horror,39.25,2,In stock
870,Follow You Home,Horror,21.36,1,In stock
871,The Loney,Horror,23.4,1,In stock
872,Pet Sematary,Horror,10.56,3,In stock
873,Doctor Sleep (The Shining #2),Horror,40.12,2,In stock
874,Psycho: Sanitarium (Psycho #1.5),Horror,36.97,5,In stock
875,Can You Keep a Secret? (Fear Street Relaunch #4),Horror,48.64,1,In stock
876,Red Dragon (Hannibal Lecter #1),Horror,23.37,3,In stock
877,Dracula the Un-Dead,Horror,35.63,5,In stock
878,Night Shift (Night Shift #1-20),Horror,12.75,4,In stock
879,Needful Things,Horror,47.51,4,In stock
880,Misery,Horror,34.79,2,In stock
881,It,Horror,25.01,3,In stock
882,'Salem's Lot,Horror,49.56,4,In stock
883,The Stand,Horror,57.86,2,In stock
884,The Girl with All the Gifts,Horror,49.47,3,In stock
885,House of Leaves,Horror,54.89,1,In stock
886,Sapiens: A Brief History of Humankind,History,54.23,5,In stock
887,"Unbound: How Eight Technologies Made Us Human, Transformed Society, and Brought Our World to the Brink",History,25.52,1,In stock
888,The Age of Genius: The Seventeenth Century and the Birth of the Modern Mind,History,19.73,1,In stock
889,"Political Suicide: Missteps, Peccadilloes, Bad Calls, Backroom Hijinx, Sordid Pasts, Rotten Breaks, and Just Plain Dumb Mistakes in the Annals of American Politics",History,36.28,2,In stock
890,Thomas Jefferson and the Tripoli Pirates: The Forgotten War That Changed American History,History,59.64,1,In stock
891,Zealot: The Life and Times of Jesus of Nazareth,History,24.7,3,In stock
892,A Distant Mirror: The Calamitous 14th Century,History,14.58,3,In stock
893,1491: New Revelations of the Americas Before Columbus,History,21.8,3,In stock
894,Brilliant Beacons: A History of the American Lighthouse,History,11.45,3,In stock
895,"""Most Blessed of the Patriarchs"": Thomas Jefferson and the Empire of the Imagination",History,44.48,5,In stock
896,A Short History of Nearly Everything,History,52.4,5,In stock
897,The Rise and Fall of the Third Reich: A History of Nazi Germany,History,39.67,2,In stock
898,Catherine the Great: Portrait of a Woman,History,58.55,4,In stock
899,The Mathews Men: Seven Brothers and the War Against Hitler's U-boats,History,42.91,5,In stock
900,The Hiding Place,History,55.91,4,In stock
901,America's War for the Greater Middle East: A Military History,History,51.22,2,In stock
902,The Guns of August,History,14.54,2,In stock
903,"House of Lost Worlds: Dinosaurs, Dynasties, and the Story of Life on Earth",History,43.7,2,In stock
904,"Foolproof Preserving: A Guide to Small Batch Jams, Jellies, Pickles, Condiments, and More: A Foolproof Guide to Making Small Batch Jams, Jellies, Pickles, Condiments, and More",Food and Drink,30.52,3,In stock
905,"The Pioneer Woman Cooks: Dinnertime: Comfort Classics, Freezer Food, 16-Minute Meals, and Other Delicious Ways to Solve Supper!",Food and Drink,56.41,1,In stock
906,My Paris Kitchen: Recipes and Stories,Food and Drink,33.37,2,In stock
907,"Mama Tried: Traditional Italian Cooking for the Screwed, Crude, Vegan, and Tattooed",Food and Drink,14.02,4,In stock
908,"Layered: Baking, Building, and Styling Spectacular Cakes",Food and Drink,40.11,1,In stock
909,The Nerdy Nummies Cookbook: Sweet Treats for the Geek in All of Us,Food and Drink,37.34,5,In stock
910,The Love and Lemons Cookbook: An Apple-to-Zucchini Celebration of Impromptu Cooking,Food and Drink,37.6,2,In stock
911,The Cookies & Cups Cookbook: 125+ sweet & savory recipes reminding you to Always Eat Dessert First,Food and Drink,41.25,1,In stock
912,"Deliciously Ella Every Day: Quick and Easy Recipes for Gluten-Free Snacks, Packed Lunches, and Simple Meals",Food and Drink,42.16,3,In stock
913,The Help Yourself Cookbook for Kids: 60 Easy Plant-Based Recipes Kids Can Make to Stay Healthy and Save the Earth,Food and Drink,28.77,3,In stock
914,"It's All Easy: Healthy, Delicious Weeknight Meals in under 30 Minutes",Food and Drink,19.55,1,In stock
915,Barefoot Contessa Back to Basics,Food and Drink,28.01,1,In stock
916,Barefoot Contessa at Home: Everyday Recipes You'll Make Over and Over Again,Food and Drink,50.62,5,In stock
917,My Kitchen Year: 136 Recipes That Saved My Life,Food and Drink,11.53,2,In stock
918,Everyday Italian: 125 Simple and Delicious Recipes,Food and Drink,20.1,5,In stock
919,"A la Mode: 120 Recipes in 60 Pairings: Pies, Tarts, Cakes, Crisps, and More Topped with Ice Cream, Gelato, Frozen Custard, and More",Food and Drink,38.77,1,In stock
920,Cravings: Recipes for What You Want to Eat,Food and Drink,20.5,3,In stock
921,"The Moosewood Cookbook: Recipes from Moosewood Restaurant, Ithaca, New York",Food and Drink,12.34,4,In stock
922,32 Yolks,Food and Drink,53.63,2,In stock
923,"Naturally Lean: 125 Nourishing Gluten-Free, Plant-Based Recipes--All Under 300 Calories",Food and Drink,11.38,5,In stock
924,How to Cook Everything Vegetarian: Simple Meatless Recipes for Great Food (How to Cook Everything),Food and Drink,46.01,4,In stock
925,How to Be a Domestic Goddess: Baking and the Art of Comfort Cooking,Food and Drink,28.25,2,In stock
926,The Barefoot Contessa Cookbook,Food and Drink,59.92,5,In stock
927,Better Homes and Gardens New Cook Book,Food and Drink,39.61,3,In stock
928,The Power Greens Cookbook: 140 Delicious Superfood Recipes,Food and Drink,11.05,5,In stock
929,Mexican Today: New and Rediscovered Recipes for Contemporary Kitchens,Food and Drink,24.91,5,In stock
930,Vegan Vegetarian Omnivore: Dinner for Everyone at the Table,Food and Drink,13.66,2,In stock
931,The Smitten Kitchen Cookbook,Food and Drink,23.59,1,In stock
932,"The Art of Simple Food: Notes, Lessons, and Recipes from a Delicious Revolution",Food and Drink,34.32,3,In stock
933,Hungry Girl Clean & Hungry: Easy All-Natural Recipes for Healthy Eating in the Real World,Food and Drink,33.14,3,In stock
934,Redeeming Love,Christian Fiction,20.47,5,In stock
935,Close to You,Christian Fiction,49.46,4,In stock
936,Shadows of the Past (Logan Point #1),Christian Fiction,39.67,5,In stock
937,Like Never Before (Walker Family #2),Christian Fiction,28.77,2,In stock
938,Counted With the Stars (Out from Egypt #1),Christian Fiction,17.97,5,In stock
939,If I Run (If I Run #1),Christian Fiction,49.97,4,In stock
940,The Dirty Little Secrets of Getting Your Dream Job,Business,33.34,4,In stock
941,The Third Wave: An Entrepreneur’s Vision of the Future,Business,12.61,5,In stock
942,The 10% Entrepreneur: Live Your Startup Dream Without Quitting Your Day Job,Business,27.55,3,In stock
943,Shoe Dog: A Memoir by the Creator of NIKE,Business,23.99,2,In stock
944,Made to Stick: Why Some Ideas Survive and Others Die,Business,38.85,5,In stock
945,Quench Your Own Thirst: Business Lessons Learned Over a Beer or Two,Business,43.14,1,In stock
946,The Art of Startup Fundraising,Business,21,3,In stock
947,Born for This: How to Find the Work You Were Meant to Do,Business,21.59,5,In stock
948,The E-Myth Revisited: Why Most Small Businesses Don't Work and What to Do About It,Business,36.91,1,In stock
949,"Rich Dad, Poor Dad",Business,51.74,1,In stock
950,The Lean Startup: How Today's Entrepreneurs Use Continuous Innovation to Create Radically Successful Businesses,Business,33.92,3,In stock
951,Rework,Business,44.88,2,In stock
952,Louisa: The Extraordinary Life of Mrs. Adams,Biography,16.85,2,In stock
953,"Setting the World on Fire: The Brief, Astonishing Life of St. Catherine of Siena",Biography,21.15,2,In stock
954,The Faith of Christopher Hitchens: The Restless Soul of the World's Most Notorious Atheist,Biography,39.55,1,In stock
955,Benjamin Franklin: An American Life,Biography,48.19,3,In stock
956,The Rise of Theodore Roosevelt (Theodore Roosevelt #1),Biography,42.57,3,In stock
957,In Her Wake,Thriller,12.84,1,In stock
958,The Elephant Tree,Thriller,23.82,5,In stock
959,Behind Closed Doors,Thriller,52.22,4,In stock
960,You (You #1),Thriller,43.61,5,In stock
961,The Guilty (Will Robie #4),Thriller,13.82,2,In stock
962,The 14th Colony (Cotton Malone #11),Thriller,39.24,1,In stock
963,Give It Back,Thriller,18.32,2,In stock
964,Killing Floor (Jack Reacher #1),Thriller,31.49,4,In stock
965,The Bone Hunters (Lexy Vaughan & Steven Macaulay #2),Thriller,59.71,3,In stock
966,Far From True (Promise Falls Trilogy #2),Thriller,34.93,2,In stock
967,The Travelers,Thriller,15.77,1,In stock
968,When We Collided,Contemporary,31.77,1,In stock
969,Someone Like You (The Harrisons #2),Contemporary,52.79,5,In stock
970,We Are All Completely Beside Ourselves,Contemporary,24.04,1,In stock
971,The Four Agreements: A Practical Guide to Personal Freedom,Spirituality,17.66,5,In stock
972,The Activist's Tao Te Ching: Ancient Advice for a Modern Revolution,Spirituality,32.24,5,In stock
973,Chasing Heaven: What Dying Taught Me About Living,Spirituality,37.8,2,In stock
974,If I Gave You God's Phone Number....: Searching for Spirituality in America,Spirituality,20.91,1,In stock
975,Unreasonable Hope: Finding Faith in the God Who Brings Purpose to Your Pain,Spirituality,46.33,2,In stock
976,A New Earth: Awakening to Your Life's Purpose,Spirituality,55.65,5,In stock
977,Logan Kade (Fallen Crest High #5.5),Academic,13.12,2,In stock
978,Online Marketing for Busy Authors: A Step-By-Step Guide,Self Help,46.35,1,In stock
979,How to Be Miserable: 40 Strategies You Already Use,Self Help,46.03,1,In stock
980,"Overload: How to Unplug, Unwind, and Unleash Yourself from the Pressure of Stress",Self Help,52.15,3,In stock
981,You Are a Badass: How to Stop Doubting Your Greatness and Start Living an Awesome Life,Self Help,12.08,3,In stock
982,How to Stop Worrying and Start Living,Self Help,46.49,5,In stock
983,All the Light We Cannot See,Historical,29.87,5,In stock
984,The Girl You Left Behind (The Girl You Left Behind #1),Historical,15.79,1,In stock
985,(Un)Qualified: How God Uses Broken People to Do Big Things,Christian,54,5,In stock
986,Crazy Love: Overwhelmed by a Relentless God,Christian,47.72,2,In stock
987,Blue Like Jazz: Nonreligious Thoughts on Christian Spirituality,Christian,25.77,1,In stock
988,Silence in the Dark (Logan Point #4),Suspense,58.33,3,In stock
989,The Grownup,Short Stories,35.88,1,In stock
990,Suzie Snowflake: One beautiful flake (a self-esteem story),Novels,54.81,5,In stock
991,"The Bulletproof Diet: Lose up to a Pound a Day, Reclaim Energy and Focus, Upgrade Your Life",Health,49.05,3,In stock
992,"Eat Fat, Get Thin",Health,54.07,2,In stock
993,10-Day Green Smoothie Cleanse: Lose Up to 15 Pounds in 10 Days!,Health,49.71,5,In stock
994,The Art and Science of Low Carbohydrate Living,Health,52.98,5,In stock
995,Libertarianism for Beginners,Politics,51.33,2,In stock
996,Why the Right Went Wrong: Conservatism--From Goldwater to the Tea Party and Beyond,Politics,52.65,4,In stock
997,Equal Is Unfair: America's Misguided Fight Against Income Inequality,Politics,56.86,1,In stock
998,Amid the Chaos,Cultural,36.58,1,In stock
999,Dark Notes,Erotica,19.19,5,In stock
1000,The Long Shadow of Small Ghosts: Murder and Memory in an American City,Crime,10.97,1,In stock
